customer_id,segment,industry,plan,mrr,clv,usage_score,nps_score,support_tickets,churn_probability,risk_category
CUST_001163,Small Business,Retail,Enterprise,999,5863.42,42,37,1,1.0,Very High Risk
CUST_004829,Small Business,Technology,Professional,149,1061.13,40,41,2,1.0,Very High Risk
CUST_003135,Startup,Other,Professional,149,1354.55,44,13,3,1.0,Very High Risk
CUST_002061,Small Business,Healthcare,Basic,49,301.62,43,45,2,0.9997752808988765,Very High Risk
CUST_002416,Mid-Market,Healthcare,Professional,149,1057.94,43,34,4,0.9997058823529411,Very High Risk
CUST_002148,Small Business,Manufacturing,Basic,49,794.79,44,40,3,0.9996062992125984,Very High Risk
CUST_004611,Small Business,Retail,Business,399,2330.25,42,30,4,0.999563025210084,Very High Risk
CUST_004026,Small Business,Technology,Basic,49,937.29,40,66,2,0.9993272322853878,Very High Risk
CUST_000680,Small Business,Real Estate,Basic,49,1180.03,41,83,3,0.9992418709789601,Very High Risk
CUST_002484,Startup,Technology,Basic,49,1056.7,40,53,2,0.9991036491221722,Very High Risk
CUST_002021,Small Business,Technology,Basic,49,1012.85,41,69,3,0.9991036491221722,Very High Risk
CUST_000414,Small Business,Manufacturing,Basic,49,878.15,47,47,4,0.9990608446671438,Very High Risk
CUST_000550,Small Business,Retail,Professional,149,1419.67,43,-14,1,0.9990604026845638,Very High Risk
CUST_000323,Mid-Market,Retail,Basic,49,701.86,42,-27,2,0.9988055839291793,Very High Risk
CUST_001206,Mid-Market,Manufacturing,Basic,49,979.31,40,8,4,0.9987642961608575,Very High Risk
CUST_004319,Small Business,Technology,Basic,49,353.08,63,87,0,0.9985943008225617,Very High Risk
CUST_003201,Small Business,Real Estate,Professional,149,1822.12,42,-33,3,0.9985643939393938,Very High Risk
CUST_002185,Small Business,Healthcare,Basic,49,996.24,72,-15,3,0.9985151108611511,Very High Risk
CUST_001047,Mid-Market,Technology,Basic,49,910.2,50,55,4,0.998445652173913,Very High Risk
CUST_004125,Startup,Real Estate,Professional,149,3319.82,41,5,3,0.9983022736635239,Very High Risk
CUST_000276,Small Business,Technology,Business,399,5177.83,44,75,3,0.9982589285714286,Very High Risk
CUST_001454,Small Business,Other,Basic,49,787.8,66,41,2,0.9982133870400253,Very High Risk
CUST_000665,Startup,Technology,Professional,149,1138.93,43,9,0,0.9981818181818182,Very High Risk
CUST_002609,Small Business,Manufacturing,Basic,49,962.58,67,-15,3,0.9981115879828326,Very High Risk
CUST_001768,Small Business,Healthcare,Basic,49,986.49,81,2,2,0.9980946589627118,Very High Risk
CUST_001825,Startup,Education,Business,399,3527.04,43,-23,0,0.998038961038961,Very High Risk
CUST_002008,Startup,Real Estate,Professional,149,1946.43,44,-13,2,0.998018736017897,Very High Risk
CUST_002455,Small Business,Healthcare,Basic,49,496.19,52,67,3,0.9978031693077566,Very High Risk
CUST_004599,Small Business,Healthcare,Enterprise,999,14779.81,70,-14,3,0.9977824712643678,Very High Risk
CUST_001659,Small Business,Technology,Basic,49,587.54,61,82,3,0.9977488214816695,Very High Risk
CUST_003743,Small Business,Healthcare,Enterprise,999,14084.91,42,17,0,0.9977083333333333,Very High Risk
CUST_002831,Startup,Healthcare,Business,399,1657.08,38,-3,3,0.9976328983658673,Very High Risk
CUST_000950,Small Business,Technology,Basic,49,939.84,58,16,1,0.9975730754752494,Very High Risk
CUST_003654,Mid-Market,Retail,Basic,49,841.49,51,2,2,0.997560844667144,Very High Risk
CUST_004298,Mid-Market,Other,Enterprise,999,4906.06,42,-1,0,0.9974583333333332,Very High Risk
CUST_003707,Small Business,Manufacturing,Enterprise,999,16936.17,43,26,3,0.9974193548387096,Very High Risk
CUST_003297,Small Business,Finance,Business,399,6757.03,43,58,4,0.9972748852666561,Very High Risk
CUST_000178,Small Business,Real Estate,Professional,149,736.3299999999999,61,46,2,0.9972446236559139,Very High Risk
CUST_003275,Small Business,Manufacturing,Professional,149,809.79,47,12,3,0.9972446236559139,Very High Risk
CUST_004095,Small Business,Technology,Professional,149,579.9,66,39,2,0.9972446236559139,Very High Risk
CUST_001269,Small Business,Manufacturing,Professional,149,1707.44,46,62,2,0.9972446236559139,Very High Risk
CUST_004027,Small Business,Retail,Basic,49,705.72,42,23,4,0.9971910112359551,Very High Risk
CUST_004966,Startup,Technology,Basic,49,354.72,45,29,2,0.997190275829827,Very High Risk
CUST_003574,Mid-Market,Finance,Basic,49,390.7,53,11,1,0.9971212121212123,Very High Risk
CUST_003947,Small Business,Technology,Business,399,4434.12,47,43,4,0.996950506008855,Very High Risk
CUST_000638,Small Business,Retail,Professional,149,1195.06,66,68,4,0.996950506008855,Very High Risk
CUST_000604,Mid-Market,Technology,Basic,49,933.38,62,63,3,0.9968892128904396,Very High Risk
CUST_002321,Small Business,Finance,Enterprise,999,11556.66,47,39,2,0.996844623655914,Very High Risk
CUST_001064,Small Business,Real Estate,Business,399,2768.67,50,12,4,0.9968076488659979,Very High Risk
CUST_003773,Small Business,Healthcare,Basic,49,1079.21,45,78,3,0.9967248107165265,Very High Risk
CUST_002601,Startup,Technology,Business,399,4634.94,38,10,2,0.996713886421467,Very High Risk
CUST_000389,Small Business,Technology,Business,399,1631.16,35,44,3,0.9966375715407924,Very High Risk
CUST_003630,Mid-Market,Retail,Business,399,6529.52,45,81,3,0.9965303379416283,Very High Risk
CUST_002050,Small Business,Other,Enterprise,999,7257.06,65,75,3,0.9965303379416283,Very High Risk
CUST_000182,Startup,Retail,Enterprise,999,6053.62,49,40,3,0.9965303379416283,Very High Risk
CUST_004386,Small Business,Other,Business,399,5310.8099999999995,66,45,3,0.9963971660287954,Very High Risk
CUST_003053,Mid-Market,Technology,Business,399,2450.04,66,83,1,0.9963971660287954,Very High Risk
CUST_001069,Mid-Market,Real Estate,Professional,149,2547.4,65,50,3,0.9963971660287954,Very High Risk
CUST_000416,Mid-Market,Technology,Basic,49,636.09,65,-27,2,0.996387426148526,Very High Risk
CUST_003034,Mid-Market,Manufacturing,Basic,49,655.08,62,-38,2,0.9963649891774893,Very High Risk
CUST_000337,Startup,Manufacturing,Professional,149,1096.01,44,63,0,0.9963636363636365,Very High Risk
CUST_001026,Small Business,Healthcare,Basic,49,382.9,65,-12,3,0.9963525250069751,Very High Risk
CUST_003161,Startup,Technology,Professional,149,1216.06,47,72,1,0.9963050263404777,Very High Risk
CUST_000893,Small Business,Real Estate,Basic,49,245.56,49,71,0,0.9962850122850123,Very High Risk
CUST_000330,Mid-Market,Retail,Professional,149,2738.21,55,40,1,0.9962508348360382,Very High Risk
CUST_002471,Mid-Market,Other,Business,399,3223.08,51,42,4,0.9962362202945694,Very High Risk
CUST_003207,Mid-Market,Technology,Enterprise,999,6997.26,55,29,4,0.9962362202945694,Very High Risk
CUST_002539,Startup,Manufacturing,Professional,149,2442.94,55,-17,1,0.9962087082538659,Very High Risk
CUST_000750,Small Business,Education,Professional,149,1067.89,41,32,3,0.9961157024793388,Very High Risk
CUST_000176,Mid-Market,Technology,Professional,149,895.14,33,70,5,0.9960672217694794,Very High Risk
CUST_001532,Small Business,Retail,Basic,49,686.16,57,-41,2,0.995969696969697,Very High Risk
CUST_000321,Small Business,Technology,Basic,49,509.08,38,51,2,0.9959383732865145,Very High Risk
CUST_002529,Small Business,Finance,Basic,49,690.22,51,52,1,0.9959334186939821,Very High Risk
CUST_003603,Startup,Retail,Basic,49,283.75,38,100,2,0.9958380709832401,Very High Risk
CUST_004551,Small Business,Finance,Business,399,4789.33,39,15,2,0.9958330772841103,Very High Risk
CUST_002802,Startup,Healthcare,Professional,149,867.6,65,-46,1,0.9958285242951078,Very High Risk
CUST_004145,Small Business,Healthcare,Basic,49,540.31,62,76,2,0.9958181818181818,Very High Risk
CUST_000843,Small Business,Real Estate,Basic,49,640.68,62,-8,4,0.9957643541902896,Very High Risk
CUST_001087,Mid-Market,Technology,Professional,149,2423.8,64,60,3,0.9957446236559139,Very High Risk
CUST_001315,Mid-Market,Other,Professional,149,1906.82,50,60,2,0.9957446236559139,Very High Risk
CUST_002288,Mid-Market,Finance,Professional,149,2597.79,63,100,3,0.9957446236559139,Very High Risk
CUST_002909,Mid-Market,Other,Professional,149,1367.16,53,25,2,0.9957446236559139,Very High Risk
CUST_002253,Mid-Market,Real Estate,Business,399,3739.7,52,11,3,0.9957446236559139,Very High Risk
CUST_001129,Small Business,Healthcare,Basic,49,901.82,79,-46,1,0.9957095858528104,Very High Risk
CUST_000482,Small Business,Education,Basic,49,870.38,50,42,1,0.9957051823156279,Very High Risk
CUST_001660,Mid-Market,Healthcare,Professional,149,2722.84,54,-5,1,0.9956284374608292,Very High Risk
CUST_002756,Mid-Market,Healthcare,Professional,149,978.0,72,34,2,0.9956196696509703,Very High Risk
CUST_001086,Mid-Market,Healthcare,Business,399,3183.31,58,53,1,0.9956017665130567,Very High Risk
CUST_002522,Small Business,Real Estate,Basic,49,463.62,55,30,3,0.9955932475091249,Very High Risk
CUST_004862,Startup,Manufacturing,Business,399,1628.74,51,53,1,0.9955932475091249,Very High Risk
CUST_002843,Startup,Finance,Basic,49,256.08,62,100,1,0.9955932475091249,Very High Risk
CUST_000504,Small Business,Technology,Business,399,1551.97,51,60,1,0.9955932475091249,Very High Risk
CUST_000952,Mid-Market,Technology,Basic,49,505.92,56,-25,3,0.9955875431870487,Very High Risk
CUST_003250,Startup,Technology,Basic,49,631.24,57,53,3,0.9955388996830379,Very High Risk
CUST_002687,Small Business,Technology,Enterprise,999,16846.23,47,43,1,0.9955365491217525,Very High Risk
CUST_001773,Enterprise,Finance,Business,399,5322.7300000000005,47,25,2,0.9955035522273425,Very High Risk
CUST_000453,Small Business,Retail,Basic,49,505.23,52,-8,1,0.9954545454545454,Very High Risk
CUST_001849,Startup,Healthcare,Business,399,4631.29,61,60,3,0.9954503903662677,Very High Risk
CUST_000495,Small Business,Education,Business,399,2368.42,54,45,2,0.9954503903662677,Very High Risk
CUST_003254,Small Business,Healthcare,Basic,49,939.75,58,40,2,0.9954244810307803,Very High Risk
CUST_003088,Startup,Finance,Basic,49,988.15,21,45,3,0.9953894291622332,Very High Risk
CUST_001556,Small Business,Finance,Basic,49,391.54,23,43,2,0.9953240731902323,Very High Risk
CUST_002200,Mid-Market,Technology,Basic,49,640.49,63,0,4,0.9953159279655373,Very High Risk
CUST_003650,Small Business,Healthcare,Business,399,3930.47,58,46,0,0.9952835846948749,Very High Risk
CUST_003894,Mid-Market,Technology,Professional,149,2688.62,40,13,2,0.9952711050029227,Very High Risk
CUST_004452,Enterprise,Technology,Basic,49,599.39,72,18,2,0.9952425482602828,Very High Risk
CUST_003906,Small Business,Technology,Basic,49,936.26,49,14,2,0.9952292881342707,Very High Risk
CUST_001274,Mid-Market,Education,Business,399,3357.89,81,56,3,0.9951433698903291,Very High Risk
CUST_001914,Mid-Market,Retail,Basic,49,236.02,53,22,4,0.9951123364816421,Very High Risk
CUST_004427,Startup,Other,Professional,149,1209.09,44,-5,3,0.9950740358126722,Very High Risk
CUST_003341,Small Business,Retail,Business,399,7136.8099999999995,14,44,3,0.9950642314253306,Very High Risk
CUST_001448,Startup,Finance,Business,399,2418.26,43,-20,3,0.995013429752066,Very High Risk
CUST_001284,Startup,Education,Enterprise,999,10096.38,51,-32,0,0.994910830407075,Very High Risk
CUST_002463,Enterprise,Technology,Basic,49,893.9399999999999,46,66,3,0.9949007885958138,Very High Risk
CUST_003486,Enterprise,Healthcare,Basic,49,357.43,74,-11,2,0.9947528739728538,Very High Risk
CUST_002591,Small Business,Healthcare,Basic,49,640.67,44,84,1,0.9947378018108652,Very High Risk
CUST_000013,Startup,Technology,Enterprise,999,5075.71,63,-20,1,0.9946436533944852,Very High Risk
CUST_002765,Startup,Healthcare,Professional,149,2745.44,46,-8,3,0.994640962298602,Very High Risk
CUST_001979,Small Business,Technology,Professional,149,1198.67,26,-8,4,0.9946373654280989,Very High Risk
CUST_001243,Mid-Market,Other,Business,399,3950.85,61,-27,2,0.994600224346469,Very High Risk
CUST_000208,Mid-Market,Healthcare,Basic,49,905.93,45,-28,2,0.9945885109170568,Very High Risk
CUST_002307,Enterprise,Other,Professional,149,1966.89,50,-17,2,0.9945697179401236,Very High Risk
CUST_001851,Startup,Technology,Business,399,6037.97,47,49,5,0.994559201661029,Very High Risk
CUST_001385,Small Business,Finance,Professional,149,1679.58,45,0,6,0.994559201661029,Very High Risk
CUST_003951,Small Business,Finance,Professional,149,1059.19,48,75,5,0.994559201661029,Very High Risk
CUST_002260,Small Business,Healthcare,Basic,49,948.76,66,77,2,0.9945013795821838,Very High Risk
CUST_004754,Mid-Market,Real Estate,Professional,149,2539.19,69,27,4,0.9944894138220525,Very High Risk
CUST_003391,Startup,Technology,Basic,49,306.32,77,-57,2,0.9944707881292781,Very High Risk
CUST_004959,Mid-Market,Education,Basic,49,529.01,53,-9,3,0.9944519086741553,Very High Risk
CUST_004963,Small Business,Manufacturing,Business,399,5636.34,47,-24,3,0.9944286700942694,Very High Risk
CUST_002840,Mid-Market,Finance,Business,399,6002.5599999999995,47,5,5,0.9944163445181718,Very High Risk
CUST_004069,Small Business,Finance,Professional,149,2302.24,44,33,1,0.9944082332761578,Very High Risk
CUST_003464,Small Business,Technology,Basic,49,197.91,52,-8,1,0.9943767502539282,Very High Risk
CUST_000339,Startup,Real Estate,Basic,49,439.96,11,11,2,0.9943596718503906,Very High Risk
CUST_003699,Enterprise,Healthcare,Basic,49,442.41,44,27,2,0.9943589743589744,Very High Risk
CUST_002862,Startup,Finance,Basic,49,1000.98,41,40,1,0.9943260465344461,Very High Risk
CUST_000656,Enterprise,Technology,Business,399,7220.35,55,13,4,0.9942552619537862,Very High Risk
CUST_001244,Small Business,Manufacturing,Basic,49,434.23,25,-10,2,0.9942151541027515,Very High Risk
CUST_000771,Mid-Market,Education,Professional,149,3169.86,53,38,3,0.9941877423898604,Very High Risk
CUST_003382,Mid-Market,Retail,Basic,49,899.89,20,55,2,0.9941574199510077,Very High Risk
CUST_002726,Mid-Market,Education,Business,399,7029.17,59,30,3,0.994112404810929,Very High Risk
CUST_004864,Mid-Market,Real Estate,Business,399,7208.12,56,39,3,0.994112404810929,Very High Risk
CUST_002018,Small Business,Manufacturing,Business,399,6088.56,45,-57,4,0.9940917122593053,Very High Risk
CUST_000099,Mid-Market,Finance,Basic,49,1081.32,62,45,2,0.9940844598393336,Very High Risk
CUST_003424,Small Business,Finance,Basic,49,643.17,54,30,2,0.9940771103896104,Very High Risk
CUST_004237,Startup,Retail,Business,399,8009.53,52,-13,1,0.9939676160127737,Very High Risk
CUST_000939,Mid-Market,Education,Professional,149,2496.64,73,13,3,0.9939673212082195,Very High Risk
CUST_002980,Enterprise,Manufacturing,Basic,49,426.4,51,19,3,0.9939064541287008,Very High Risk
CUST_000759,Small Business,Technology,Professional,149,1940.27,53,47,3,0.9938521760805535,Very High Risk
CUST_003899,Mid-Market,Retail,Basic,49,553.56,58,62,3,0.9938488372093023,Very High Risk
CUST_001972,Small Business,Retail,Professional,149,3000.56,42,46,2,0.9938481303889583,Very High Risk
CUST_002990,Mid-Market,Retail,Business,399,5282.93,55,-6,3,0.9938288498875946,Very High Risk
CUST_004157,Enterprise,Manufacturing,Business,399,8547.21,50,28,1,0.9938149374001408,Very High Risk
CUST_004156,Mid-Market,Technology,Basic,49,535.88,44,-90,2,0.9937824820107428,Very High Risk
CUST_002559,Mid-Market,Technology,Basic,49,302.34000000000003,58,29,1,0.9937280213199187,Very High Risk
CUST_004820,Startup,Technology,Business,399,5531.4,59,55,0,0.9936082600195504,Very High Risk
CUST_001814,Small Business,Technology,Enterprise,999,8875.44,63,8,2,0.9936082600195502,Very High Risk
CUST_004988,Small Business,Finance,Professional,149,1736.37,56,94,2,0.9936082600195502,Very High Risk
CUST_000765,Small Business,Healthcare,Business,399,6127.89,59,67,3,0.9936082600195502,Very High Risk
CUST_001115,Small Business,Healthcare,Business,399,5747.6,63,16,2,0.9936082600195502,Very High Risk
CUST_002745,Startup,Retail,Enterprise,999,11382.55,57,6,2,0.9936082600195502,Very High Risk
CUST_004478,Small Business,Retail,Basic,49,257.61,29,66,2,0.9935906784119847,Very High Risk
CUST_004188,Small Business,Manufacturing,Basic,49,832.12,55,8,1,0.9935779927927453,Very High Risk
CUST_001971,Small Business,Technology,Basic,49,911.66,53,65,3,0.9935539121934633,Very High Risk
CUST_001120,Small Business,Technology,Basic,49,930.44,64,35,2,0.9935539121934633,Very High Risk
CUST_004884,Startup,Healthcare,Professional,149,3200.54,45,23,2,0.9935286514807696,Very High Risk
CUST_004329,Small Business,Education,Basic,49,828.12,37,100,3,0.9934734055546318,Very High Risk
CUST_003367,Small Business,Technology,Business,399,2498.86,54,8,3,0.9933603261352527,Very High Risk
CUST_001367,Small Business,Technology,Business,399,2066.03,57,14,2,0.9933603261352527,Very High Risk
CUST_001961,Startup,Finance,Business,399,2010.56,47,80,2,0.9933603261352527,Very High Risk
CUST_002442,Small Business,Technology,Basic,49,191.75,33,54,1,0.9932884850619149,Very High Risk
CUST_003965,Small Business,Healthcare,Basic,49,589.3,38,-6,1,0.9932808083695011,Very High Risk
CUST_002331,Mid-Market,Technology,Basic,49,823.81,47,9,1,0.9932727500566311,Very High Risk
CUST_001666,Mid-Market,Manufacturing,Basic,49,1012.17,61,3,3,0.9932677446348741,Very High Risk
CUST_001118,Enterprise,Manufacturing,Professional,149,1081.94,43,64,1,0.9932527103768715,Very High Risk
CUST_003869,Enterprise,Manufacturing,Professional,149,920.93,70,42,0,0.9932464152009607,Very High Risk
CUST_002920,Mid-Market,Education,Basic,49,631.01,33,15,2,0.9932369166824422,Very High Risk
CUST_002261,Mid-Market,Technology,Business,399,2426.04,70,51,1,0.9931811647363585,Very High Risk
CUST_002658,Mid-Market,Education,Enterprise,999,15321.73,63,57,2,0.9931639784946235,Very High Risk
CUST_003510,Small Business,Technology,Professional,149,2102.35,38,53,2,0.9931522176349524,Very High Risk
CUST_003746,Startup,Healthcare,Basic,49,284.78999999999996,59,69,1,0.9930797977342479,Very High Risk
CUST_003273,Small Business,Manufacturing,Basic,49,454.53,36,34,4,0.9930791288639653,Very High Risk
CUST_004799,Startup,Manufacturing,Business,399,5534.98,53,38,4,0.9930089778462036,Very High Risk
CUST_002065,Startup,Manufacturing,Enterprise,999,22085.57,49,28,3,0.9929909760689329,Very High Risk
CUST_000718,Mid-Market,Healthcare,Basic,49,599.04,70,64,3,0.9929858448847309,Very High Risk
CUST_002399,Mid-Market,Real Estate,Professional,149,1857.47,69,59,2,0.9929560364261502,Very High Risk
CUST_003981,Mid-Market,Finance,Basic,49,387.46,67,64,2,0.9928642933068842,Very High Risk
CUST_002642,Small Business,Healthcare,Business,399,5832.41,65,82,0,0.9928457966764417,Very High Risk
CUST_003932,Startup,Technology,Basic,49,1112.39,63,19,2,0.992832903709739,Very High Risk
CUST_002676,Small Business,Technology,Enterprise,999,15398.58,62,14,7,0.9927838393421885,Very High Risk
CUST_001119,Startup,Technology,Professional,149,2263.59,64,91,2,0.992668662704114,Very High Risk
CUST_004808,Enterprise,Retail,Basic,49,249.57,47,-16,5,0.9926634152144175,Very High Risk
CUST_000487,Mid-Market,Finance,Business,399,1530.09,54,-11,0,0.9926570425282871,Very High Risk
CUST_004093,Mid-Market,Manufacturing,Basic,49,246.68,64,94,0,0.9926486486486488,Very High Risk
CUST_002023,Mid-Market,Education,Basic,49,418.15,52,-17,1,0.9926334561490308,Very High Risk
CUST_001498,Small Business,Manufacturing,Business,399,6877.69,51,-18,4,0.992632824375427,Very High Risk
CUST_001727,Startup,Technology,Professional,149,2745.31,42,37,1,0.9926148886936828,Very High Risk
CUST_001306,Startup,Healthcare,Basic,49,960.31,35,12,2,0.9925890244039494,Very High Risk
CUST_004718,Startup,Healthcare,Professional,149,3365.4500000000003,42,10,0,0.992585148431587,Very High Risk
CUST_000593,Enterprise,Finance,Basic,49,883.4,66,65,3,0.9925723613989997,Very High Risk
CUST_002985,Enterprise,Manufacturing,Business,399,9209.59,53,-12,3,0.9925167399296513,Very High Risk
CUST_000512,Small Business,Manufacturing,Business,399,6835.23,62,-6,1,0.9925161974578646,Very High Risk
CUST_002653,Enterprise,Technology,Basic,49,898.99,63,-41,3,0.9924914590801852,Very High Risk
CUST_003507,Small Business,Real Estate,Basic,49,953.76,68,24,2,0.9923488372093024,Very High Risk
CUST_003493,Enterprise,Other,Business,399,8037.57,84,24,1,0.9923476608403418,Very High Risk
CUST_004488,Mid-Market,Healthcare,Basic,49,203.14,61,-47,1,0.9923333510682321,Very High Risk
CUST_003874,Small Business,Technology,Basic,49,661.0500000000001,41,-1,1,0.9922822805390302,Very High Risk
CUST_003680,Small Business,Technology,Business,399,6943.46,45,0,5,0.9921282045747439,Very High Risk
CUST_001222,Mid-Market,Healthcare,Basic,49,201.47,44,55,0,0.9921250212859124,Very High Risk
CUST_003880,Mid-Market,Real Estate,Professional,149,3392.42,60,25,3,0.9920286514807696,Very High Risk
CUST_003753,Mid-Market,Retail,Basic,49,643.93,46,33,1,0.9920158929207862,Very High Risk
CUST_001808,Mid-Market,Finance,Business,399,3287.26,55,8,0,0.9919946236559138,Very High Risk
CUST_002410,Mid-Market,Real Estate,Business,399,2879.46,66,95,0,0.9919946236559138,Very High Risk
CUST_003815,Small Business,Finance,Professional,149,1647.0,76,26,2,0.9919412510702849,Very High Risk
CUST_000293,Small Business,Finance,Professional,149,1937.52,87,-14,0,0.9919013319467304,Very High Risk
CUST_001287,Startup,Finance,Business,399,3372.37,55,-30,2,0.9918682030383895,Very High Risk
CUST_002057,Mid-Market,Technology,Professional,149,912.24,55,90,2,0.9918603261352527,Very High Risk
CUST_001391,Mid-Market,Finance,Business,399,3283.19,59,4,2,0.9918603261352527,Very High Risk
CUST_003857,Small Business,Real Estate,Business,399,7868.45,42,1,0,0.9918514179856704,Very High Risk
CUST_000822,Mid-Market,Retail,Business,399,6395.4,44,47,0,0.9918514179856704,Very High Risk
CUST_002855,Small Business,Finance,Business,399,2364.23,33,-11,0,0.991759843393756,Very High Risk
CUST_002940,Startup,Healthcare,Basic,49,347.54,48,39,1,0.9917124735729387,Very High Risk
CUST_001691,Startup,Other,Business,399,1941.07,57,35,1,0.9917089499884638,Very High Risk
CUST_002364,Small Business,Finance,Basic,49,406.13,31,90,1,0.9915999111448214,Very High Risk
CUST_000119,Small Business,Other,Professional,149,1089.69,48,-27,1,0.9915242633946691,Very High Risk
CUST_003800,Small Business,Healthcare,Basic,49,192.34,49,0,3,0.9915221566080398,Very High Risk
CUST_001351,Startup,Finance,Basic,49,550.67,52,92,1,0.9914094432699083,Very High Risk
CUST_002834,Mid-Market,Finance,Basic,49,889.8100000000001,54,20,1,0.9913680709941137,Very High Risk
CUST_003403,Small Business,Technology,Basic,49,722.9300000000001,53,61,2,0.9913220418788488,Very High Risk
CUST_001398,Small Business,Education,Business,399,6154.3,65,93,4,0.9912322512045836,Very High Risk
CUST_001403,Small Business,Finance,Basic,49,1168.92,96,-30,2,0.9911920186867553,Very High Risk
CUST_000652,Enterprise,Technology,Enterprise,999,8297.94,41,-17,1,0.9911781784005469,Very High Risk
CUST_004945,Small Business,Finance,Basic,49,695.03,78,35,2,0.9911653890013192,Very High Risk
CUST_001404,Mid-Market,Technology,Business,399,3254.98,27,10,4,0.9911500840210163,Very High Risk
CUST_004464,Startup,Retail,Professional,149,1224.42,48,-42,2,0.9911403082547764,Very High Risk
CUST_003831,Small Business,Technology,Basic,49,674.74,63,52,4,0.9911164604929037,Very High Risk
CUST_001702,Mid-Market,Technology,Professional,149,2778.96,64,-13,2,0.9911144471470869,Very High Risk
CUST_003588,Startup,Finance,Basic,49,813.92,54,-8,2,0.9910127533412992,Very High Risk
CUST_001780,Mid-Market,Manufacturing,Professional,149,874.29,26,78,3,0.9909919054263053,Very High Risk
CUST_003535,Mid-Market,Retail,Professional,149,2913.92,53,-25,0,0.9909282440372315,Very High Risk
CUST_002366,Small Business,Finance,Professional,149,1936.9,59,54,2,0.9909275912755426,Very High Risk
CUST_002301,Startup,Healthcare,Basic,49,856.95,0,10,3,0.9907787371402103,Very High Risk
CUST_001832,Enterprise,Finance,Enterprise,999,5837.53,57,-31,2,0.9907159268258079,Very High Risk
CUST_000129,Small Business,Technology,Basic,49,1144.54,23,4,3,0.9907012749525944,Very High Risk
CUST_004251,Small Business,Technology,Enterprise,999,17223.19,61,52,0,0.9906916909657241,Very High Risk
CUST_002584,Mid-Market,Finance,Basic,49,286.52,44,-13,0,0.9906830315496081,Very High Risk
CUST_002215,Mid-Market,Technology,Basic,49,1000.84,72,100,3,0.9906515702623803,Very High Risk
CUST_002056,Small Business,Manufacturing,Professional,149,2462.05,15,48,3,0.9906187030189567,Very High Risk
CUST_003189,Mid-Market,Finance,Basic,49,472.48,43,-30,1,0.9905369365271086,Very High Risk
CUST_001915,Startup,Technology,Professional,149,2436.38,59,77,2,0.9905095717950231,Very High Risk
CUST_003040,Small Business,Finance,Basic,49,655.26,30,54,2,0.9905046424017651,Very High Risk
CUST_002144,Small Business,Education,Business,399,6689.58,64,17,5,0.9904936873263259,Very High Risk
CUST_002125,Small Business,Education,Professional,149,2939.38,54,-7,2,0.9904674452128508,Very High Risk
CUST_003354,Small Business,Technology,Basic,49,533.6,32,51,3,0.9904352906262442,Very High Risk
CUST_002119,Small Business,Real Estate,Basic,49,945.1,37,35,4,0.9904270777778794,Very High Risk
CUST_003147,Startup,Healthcare,Basic,49,794.12,30,39,2,0.990414823809812,Very High Risk
CUST_003887,Enterprise,Finance,Professional,149,2679.2799999999997,60,49,5,0.9903270206596594,Very High Risk
CUST_001210,Mid-Market,Technology,Basic,49,1101.18,57,83,2,0.990318104555405,Very High Risk
CUST_000524,Small Business,Healthcare,Basic,49,684.04,77,-26,3,0.9902926638563687,Very High Risk
CUST_003945,Small Business,Other,Basic,49,348.26,25,76,1,0.9902772033673655,Very High Risk
CUST_001499,Mid-Market,Retail,Enterprise,999,17073.74,34,96,3,0.9901932780686161,Very High Risk
CUST_004536,Small Business,Real Estate,Business,399,4734.83,78,1,4,0.9901650117076463,Very High Risk
CUST_003194,Small Business,Manufacturing,Basic,49,528.66,50,22,0,0.9901375770041537,Very High Risk
CUST_004310,Small Business,Healthcare,Basic,49,1176.67,51,-17,2,0.9901051220000879,Very High Risk
CUST_003772,Mid-Market,Technology,Business,399,6013.5,46,48,1,0.9900707106124357,Very High Risk
CUST_003648,Startup,Healthcare,Business,399,2365.91,58,-29,4,0.9900485309418343,Very High Risk
CUST_000993,Mid-Market,Technology,Business,399,3655.89,69,-4,0,0.9900452209960109,Very High Risk
CUST_001319,Mid-Market,Manufacturing,Professional,149,3141.18,52,19,4,0.9900330000826552,Very High Risk
CUST_004100,Small Business,Retail,Professional,149,3397.85,47,81,2,0.9899524031676791,Very High Risk
CUST_001224,Small Business,Manufacturing,Professional,149,1178.38,81,-49,2,0.9899184978847257,Very High Risk
CUST_003085,Small Business,Other,Business,399,6054.4800000000005,39,47,0,0.9899121624251245,Very High Risk
CUST_004616,Small Business,Retail,Professional,149,3032.19,60,36,2,0.9898922878444059,Very High Risk
CUST_004018,Small Business,Finance,Basic,49,620.67,70,12,2,0.9897974688920534,Very High Risk
CUST_003296,Small Business,Finance,Business,399,6439.99,42,14,2,0.9897702165267345,Very High Risk
CUST_003862,Small Business,Technology,Basic,49,868.74,53,48,0,0.9897406596087778,Very High Risk
CUST_001094,Startup,Technology,Business,399,6405.28,34,72,5,0.9896228040039453,Very High Risk
CUST_002211,Mid-Market,Technology,Basic,49,631.6899999999999,64,17,4,0.9895859387853865,Very High Risk
CUST_004944,Small Business,Retail,Enterprise,999,24012.93,42,4,3,0.9894828966199859,Very High Risk
CUST_003573,Startup,Retail,Professional,149,3293.34,63,-41,0,0.9894543121719953,Very High Risk
CUST_001502,Small Business,Finance,Basic,49,241.67,63,67,2,0.9893971081294805,Very High Risk
CUST_004473,Startup,Education,Professional,149,3213.84,37,31,2,0.989328129060887,Very High Risk
CUST_002526,Small Business,Finance,Basic,49,427.26,74,2,2,0.9892400043722925,Very High Risk
CUST_001631,Small Business,Technology,Basic,49,648.67,66,25,1,0.9891989578607473,Very High Risk
CUST_001096,Startup,Finance,Professional,149,758.06,63,10,0,0.9891528144749959,Very High Risk
CUST_000138,Mid-Market,Technology,Business,399,2046.22,67,-27,0,0.9891361300869199,Very High Risk
CUST_002123,Small Business,Retail,Business,399,8698.59,54,100,0,0.9890960416415844,Very High Risk
CUST_004899,Mid-Market,Finance,Professional,149,2804.15,46,36,1,0.9890761144257518,Very High Risk
CUST_004606,Small Business,Finance,Professional,149,3037.43,53,30,1,0.9890761144257518,Very High Risk
CUST_004834,Small Business,Technology,Professional,149,2803.7200000000003,58,26,2,0.9890202100928954,Very High Risk
CUST_002228,Mid-Market,Technology,Enterprise,999,12300.69,37,28,1,0.9889961592863952,Very High Risk
CUST_003763,Enterprise,Other,Business,399,7440.29,64,48,1,0.9889537808262182,Very High Risk
CUST_004239,Small Business,Real Estate,Basic,49,467.59,38,44,1,0.9888812267689867,Very High Risk
CUST_000602,Enterprise,Real Estate,Basic,49,199.29,35,38,2,0.9888774035483734,Very High Risk
CUST_000221,Mid-Market,Real Estate,Basic,49,681.15,48,26,1,0.988821015593207,Very High Risk
CUST_000003,Small Business,Retail,Professional,149,3470.2,52,7,1,0.9887676120253408,Very High Risk
CUST_004301,Startup,Technology,Enterprise,999,15150.27,42,44,1,0.9887647058823528,Very High Risk
CUST_000600,Startup,Manufacturing,Professional,149,3119.37,53,26,2,0.9887519369672129,Very High Risk
CUST_001927,Mid-Market,Finance,Professional,149,2277.11,36,41,2,0.9886678294517172,Very High Risk
CUST_003270,Mid-Market,Healthcare,Basic,49,425.29,30,-8,1,0.9886398986987273,Very High Risk
CUST_004074,Startup,Finance,Professional,149,1017.62,66,41,1,0.9886252705767131,Very High Risk
CUST_003543,Startup,Education,Basic,49,1075.81,53,18,6,0.9886142252641317,Very High Risk
CUST_000232,Small Business,Education,Basic,49,1078.49,76,9,2,0.9885497283091302,Very High Risk
CUST_004378,Startup,Healthcare,Basic,49,241.49,50,28,2,0.9885361455626355,Very High Risk
CUST_002932,Enterprise,Technology,Professional,149,2749.46,68,24,1,0.9884647230674009,Very High Risk
CUST_002491,Startup,Manufacturing,Professional,149,3416.82,47,71,4,0.9884356549499117,Very High Risk
CUST_000069,Small Business,Finance,Enterprise,999,18134.98,28,27,0,0.9883306454878198,Very High Risk
CUST_003701,Startup,Technology,Business,399,8318.83,47,-44,2,0.9883147781040781,Very High Risk
CUST_004314,Small Business,Retail,Professional,149,2918.99,39,0,2,0.9882589711099699,Very High Risk
CUST_001007,Startup,Retail,Enterprise,999,7225.31,50,-2,3,0.9882440476190476,Very High Risk
CUST_003388,Startup,Education,Basic,49,435.45,33,15,2,0.9881626735515401,Very High Risk
CUST_003643,Small Business,Technology,Basic,49,977.26,81,87,3,0.988155495771099,Very High Risk
CUST_003545,Mid-Market,Healthcare,Basic,49,397.18,43,40,3,0.988140930052125,Very High Risk
CUST_003700,Enterprise,Healthcare,Basic,49,943.6,44,6,0,0.988123814077139,Very High Risk
CUST_000672,Enterprise,Technology,Business,399,3898.61,61,44,1,0.9880330965159164,Very High Risk
CUST_002917,Mid-Market,Technology,Professional,149,3267.33,59,7,3,0.9879756211777392,Very High Risk
CUST_001088,Startup,Healthcare,Business,399,2429.15,68,56,5,0.9879189744773237,Very High Risk
CUST_000959,Mid-Market,Technology,Enterprise,999,18352.87,39,-13,3,0.9879126788998822,Very High Risk
CUST_002872,Startup,Healthcare,Professional,149,3351.4,65,-30,3,0.9877974646252984,Very High Risk
CUST_001601,Startup,Real Estate,Basic,49,921.39,48,-49,3,0.9877445606519615,Very High Risk
CUST_000183,Small Business,Healthcare,Basic,49,583.35,44,-49,2,0.9877387555445012,Very High Risk
CUST_000357,Small Business,Retail,Basic,49,1117.44,25,62,2,0.9877023650938098,Very High Risk
CUST_000644,Small Business,Education,Enterprise,999,15868.2,57,40,1,0.987616493295708,Very High Risk
CUST_004637,Startup,Education,Basic,49,485.34,40,52,4,0.987613858190258,Very High Risk
CUST_004898,Small Business,Retail,Business,399,8895.32,45,64,2,0.9872683125272357,Very High Risk
CUST_000918,Small Business,Education,Professional,149,1372.19,13,60,2,0.9872447750601229,Very High Risk
CUST_002255,Enterprise,Real Estate,Basic,49,497.87,55,4,3,0.9872435740514076,Very High Risk
CUST_004117,Small Business,Manufacturing,Basic,49,994.09,64,96,0,0.9872365657620721,Very High Risk
CUST_004350,Small Business,Education,Professional,149,2693.44,36,53,3,0.9872225922277836,Very High Risk
CUST_000626,Small Business,Technology,Basic,49,973.57,59,26,0,0.987207455049932,Very High Risk
CUST_004652,Startup,Retail,Enterprise,999,20145.32,60,5,4,0.9871823507320058,Very High Risk
CUST_000151,Mid-Market,Technology,Professional,149,795.69,6,-2,6,0.9871264945673885,Very High Risk
CUST_003234,Enterprise,Education,Business,399,4025.37,43,10,1,0.9871116625310172,Very High Risk
CUST_003149,Small Business,Real Estate,Professional,149,1036.11,29,0,1,0.9870902963698227,Very High Risk
CUST_001282,Enterprise,Finance,Basic,49,744.2,77,85,3,0.9870837039391465,Very High Risk
CUST_003737,Mid-Market,Manufacturing,Professional,149,2301.12,66,100,7,0.9870695536279027,Very High Risk
CUST_003454,Mid-Market,Retail,Professional,149,1040.54,74,24,1,0.9870674195349101,Very High Risk
CUST_001684,Mid-Market,Technology,Basic,49,1114.95,27,-8,5,0.986991974748704,Very High Risk
CUST_001859,Mid-Market,Retail,Basic,49,207.95,75,40,0,0.9869738479623483,Very High Risk
CUST_003503,Small Business,Retail,Business,399,4550.94,15,-22,0,0.9869213370081164,Very High Risk
CUST_003406,Startup,Healthcare,Professional,149,1240.8,37,31,0,0.9868578826094422,Very High Risk
CUST_003691,Small Business,Healthcare,Professional,149,3247.8,67,58,4,0.9868412569633891,Very High Risk
CUST_001616,Mid-Market,Healthcare,Professional,149,3056.87,60,-25,3,0.9868312218682942,Very High Risk
CUST_001996,Mid-Market,Healthcare,Enterprise,999,21057.65,87,16,0,0.9868040498861042,Very High Risk
CUST_002483,Small Business,Finance,Professional,149,3645.44,48,27,0,0.9867324269547575,Very High Risk
CUST_000837,Small Business,Manufacturing,Basic,49,435.85,53,26,4,0.9866989711355036,Very High Risk
CUST_004493,Small Business,Healthcare,Business,399,1960.58,43,28,5,0.9866508543216618,Very High Risk
CUST_004196,Mid-Market,Technology,Professional,149,2704.71,65,53,2,0.9866478257795599,Very High Risk
CUST_001240,Enterprise,Other,Enterprise,999,13156.53,79,90,0,0.9865996151868083,Very High Risk
CUST_000072,Startup,Manufacturing,Basic,49,996.45,19,69,1,0.9865650388460846,Very High Risk
CUST_000502,Startup,Healthcare,Professional,149,1827.05,45,22,1,0.9865495838518723,Very High Risk
CUST_003006,Mid-Market,Retail,Basic,49,645.11,64,56,4,0.9865304617355332,Very High Risk
CUST_002444,Enterprise,Technology,Professional,149,3162.79,57,30,0,0.9863979539056826,Very High Risk
CUST_001279,Small Business,Retail,Basic,49,296.92,65,-21,2,0.9863762015410937,Very High Risk
CUST_000158,Small Business,Healthcare,Basic,49,1089.61,76,34,2,0.9863569467511398,Very High Risk
CUST_000023,Small Business,Real Estate,Professional,149,3274.3,48,52,2,0.9863160395313154,Very High Risk
CUST_001272,Small Business,Retail,Professional,149,2659.05,38,80,0,0.9863154557571773,Very High Risk
CUST_002059,Startup,Retail,Professional,149,3725.55,50,-18,0,0.9862458559281407,Very High Risk
CUST_000142,Mid-Market,Real Estate,Basic,49,1080.76,54,46,0,0.9860454467683585,Very High Risk
CUST_004555,Mid-Market,Manufacturing,Basic,49,774.96,34,-21,2,0.9860377371749443,Very High Risk
CUST_002327,Mid-Market,Healthcare,Enterprise,999,17166.71,81,65,4,0.9860366882314043,Very High Risk
CUST_003788,Startup,Healthcare,Business,399,8603.14,39,8,1,0.9859919775522021,Very High Risk
CUST_001446,Startup,Healthcare,Business,399,7554.95,66,36,1,0.9859808279726201,Very High Risk
CUST_000131,Small Business,Real Estate,Business,399,8007.18,33,22,2,0.985852324418612,Very High Risk
CUST_003582,Small Business,Technology,Basic,49,1143.24,58,13,3,0.9858310458760896,Very High Risk
CUST_004278,Startup,Education,Basic,49,466.71,81,-14,4,0.9857764391464875,Very High Risk
CUST_001393,Mid-Market,Manufacturing,Professional,149,3591.91,15,59,4,0.9857656550815044,Very High Risk
CUST_000974,Small Business,Technology,Basic,49,1089.57,56,33,0,0.9856704482663499,Very High Risk
CUST_000828,Small Business,Finance,Basic,49,1121.86,55,58,2,0.9856385039796187,Very High Risk
CUST_000776,Startup,Healthcare,Professional,149,1499.77,42,21,2,0.9856313456727931,Very High Risk
CUST_004732,Small Business,Education,Business,399,4056.92,68,42,2,0.9855474606544031,Very High Risk
CUST_002728,Small Business,Technology,Professional,149,2379.64,57,-12,0,0.9855075604239485,Very High Risk
CUST_003143,Startup,Technology,Basic,49,1097.29,54,4,0,0.9855075029082495,Very High Risk
CUST_002811,Small Business,Healthcare,Enterprise,999,10911.16,62,21,3,0.9854583461028821,Very High Risk
CUST_003904,Mid-Market,Finance,Business,399,9400.87,46,39,1,0.985438471564125,Very High Risk
CUST_000508,Small Business,Healthcare,Basic,49,305.53,60,64,0,0.9850513856037074,Very High Risk
CUST_004305,Small Business,Education,Business,399,1560.46,84,8,0,0.9848775224229209,Very High Risk
CUST_004500,Enterprise,Healthcare,Professional,149,1476.72,61,-47,3,0.9848682896145342,Very High Risk
CUST_002560,Enterprise,Technology,Basic,49,1125.44,69,4,3,0.9848217628311856,Very High Risk
CUST_003821,Enterprise,Technology,Professional,149,2393.15,79,5,1,0.9847899013308593,Very High Risk
CUST_000052,Small Business,Technology,Business,399,8120.14,46,-24,2,0.9847680170624463,Very High Risk
CUST_000107,Startup,Finance,Basic,49,559.08,70,13,1,0.9847514073682144,Very High Risk
CUST_004927,Small Business,Technology,Enterprise,999,14868.47,33,-55,2,0.9847346706738468,Very High Risk
CUST_000947,Mid-Market,Technology,Business,399,6390.74,73,16,0,0.9846414807210262,Very High Risk
CUST_003616,Mid-Market,Finance,Business,399,1664.61,89,46,0,0.9846109627558177,Very High Risk
CUST_001681,Small Business,Retail,Basic,49,382.16,68,34,0,0.9846055241033522,Very High Risk
CUST_001772,Mid-Market,Technology,Basic,49,996.45,38,62,1,0.9845285232110949,Very High Risk
CUST_000987,Small Business,Finance,Professional,149,1334.15,73,80,1,0.9845083386690502,Very High Risk
CUST_004071,Enterprise,Education,Basic,49,935.39,45,49,1,0.9844753965602009,Very High Risk
CUST_003192,Small Business,Technology,Enterprise,999,13832.7,72,19,0,0.9844363386408841,Very High Risk
CUST_003660,Small Business,Finance,Professional,149,1054.57,39,25,4,0.9843928171206552,Very High Risk
CUST_004343,Mid-Market,Finance,Basic,49,220.08,52,68,1,0.9843914384060232,Very High Risk
CUST_000557,Small Business,Finance,Professional,149,2496.25,68,95,2,0.9842218941754749,Very High Risk
CUST_002999,Enterprise,Healthcare,Professional,149,1516.76,56,32,1,0.9841943037297551,Very High Risk
CUST_001355,Mid-Market,Technology,Enterprise,999,4926.7699999999995,58,-6,3,0.9841536843872081,Very High Risk
CUST_004674,Startup,Education,Basic,49,992.77,44,21,1,0.9840125290780602,Very High Risk
CUST_000344,Small Business,Technology,Business,399,5014.7,75,-48,0,0.9839092171774416,Very High Risk
CUST_003850,Startup,Technology,Basic,49,282.61,30,50,2,0.9835476370959487,Very High Risk
CUST_003980,Small Business,Retail,Professional,149,3321.75,51,18,1,0.9835043783939297,Very High Risk
CUST_001126,Small Business,Manufacturing,Enterprise,999,13667.99,57,73,3,0.9834521760805535,Very High Risk
CUST_003128,Startup,Healthcare,Enterprise,999,9529.37,67,-55,3,0.983372255214152,Very High Risk
CUST_000545,Small Business,Finance,Basic,49,205.6,23,32,3,0.9833317174023537,Very High Risk
CUST_001917,Small Business,Healthcare,Business,399,8181.77,29,70,0,0.9830200189035111,Very High Risk
CUST_001611,Mid-Market,Technology,Business,399,1773.2199999999998,64,58,5,0.9827592088003166,Very High Risk
CUST_002710,Startup,Technology,Business,399,9633.09,65,46,0,0.982665185040561,Very High Risk
CUST_004335,Enterprise,Manufacturing,Basic,49,192.15,20,28,4,0.9826431765902524,Very High Risk
CUST_004088,Startup,Finance,Professional,149,3060.33,25,-17,3,0.9826049905921653,Very High Risk
CUST_004657,Mid-Market,Technology,Basic,49,1219.35,66,30,1,0.9824414886294011,Very High Risk
CUST_004340,Startup,Education,Professional,149,1388.14,82,34,0,0.9824301039227851,Very High Risk
CUST_004155,Small Business,Finance,Basic,49,539.9,26,99,6,0.9823331669516481,Very High Risk
CUST_000536,Small Business,Finance,Professional,149,1001.82,45,38,1,0.9822522732443842,Very High Risk
CUST_004160,Startup,Education,Basic,49,934.59,59,-5,0,0.9821994518591335,Very High Risk
CUST_003244,Mid-Market,Healthcare,Enterprise,999,14817.15,72,41,1,0.9821873738375715,Very High Risk
CUST_001246,Mid-Market,Retail,Basic,49,704.96,65,-33,1,0.9821223058876645,Very High Risk
CUST_004870,Small Business,Healthcare,Business,399,9787.39,57,25,3,0.9821128641436536,Very High Risk
CUST_002139,Enterprise,Healthcare,Basic,49,431.6,47,24,1,0.9820734176021471,Very High Risk
CUST_002380,Startup,Technology,Basic,49,593.64,79,37,5,0.9819769263772238,Very High Risk
CUST_003309,Small Business,Retail,Basic,49,1199.77,27,-10,3,0.981872746533672,Very High Risk
CUST_004368,Mid-Market,Finance,Basic,49,1167.96,64,-9,1,0.9817237836447358,Very High Risk
CUST_001258,Startup,Finance,Business,399,7889.27,65,28,1,0.9816635270131643,Very High Risk
CUST_000499,Startup,Real Estate,Basic,49,311.08,54,32,2,0.9815210992768029,Very High Risk
CUST_003350,Startup,Finance,Professional,149,2580.36,24,-13,1,0.9814234006141569,Very High Risk
CUST_001237,Small Business,Healthcare,Business,399,8001.02,82,10,1,0.9813531482463728,Very High Risk
CUST_004492,Mid-Market,Real Estate,Basic,49,952.17,86,85,7,0.9812498170260544,Very High Risk
CUST_001693,Enterprise,Technology,Professional,149,2501.5299999999997,73,58,3,0.9812094872246653,Very High Risk
CUST_000954,Small Business,Healthcare,Basic,49,243.73,69,50,2,0.9811929219012481,Very High Risk
CUST_002558,Enterprise,Retail,Basic,49,692.57,51,55,3,0.9811588061061747,Very High Risk
CUST_002206,Startup,Retail,Enterprise,999,21494.42,72,51,2,0.981071034097059,Very High Risk
CUST_000100,Mid-Market,Manufacturing,Basic,49,287.19,76,13,1,0.9809950434042546,Very High Risk
CUST_002395,Startup,Finance,Professional,149,2445.31,29,-24,1,0.9809614700775424,Very High Risk
CUST_003967,Small Business,Healthcare,Professional,149,2511.07,90,95,4,0.9809571889694694,Very High Risk
CUST_003054,Startup,Retail,Basic,49,980.15,52,0,0,0.9807954268663986,Very High Risk
CUST_001066,Mid-Market,Education,Basic,49,303.9,78,23,1,0.9807100857233977,Very High Risk
CUST_002135,Enterprise,Finance,Business,399,1969.63,26,16,2,0.9803973320997676,Very High Risk
CUST_000752,Mid-Market,Technology,Business,399,1589.31,82,100,5,0.9803822486112039,Very High Risk
CUST_003414,Enterprise,Technology,Basic,49,641.53,68,82,2,0.9803510100390598,Very High Risk
CUST_003548,Startup,Technology,Professional,149,624.21,78,3,2,0.9802873037593897,Very High Risk
CUST_004477,Startup,Finance,Basic,49,544.21,48,84,3,0.9802821819812277,Very High Risk
CUST_002031,Startup,Education,Basic,49,394.66,75,-94,1,0.9802171124092369,Very High Risk
CUST_001761,Small Business,Healthcare,Business,399,8820.21,85,36,3,0.9798757992854654,Very High Risk
CUST_000264,Small Business,Finance,Enterprise,999,4841.389999999999,75,54,3,0.9797314084270606,Very High Risk
CUST_001001,Mid-Market,Healthcare,Professional,149,1840.88,55,26,3,0.9796574757124904,Very High Risk
CUST_004987,Startup,Finance,Business,399,2899.39,70,51,1,0.9793590740314877,Very High Risk
CUST_003470,Small Business,Retail,Business,399,9681.25,53,-32,4,0.979342618362252,Very High Risk
CUST_004460,Enterprise,Technology,Professional,149,2584.76,65,-43,1,0.9791034450959712,Very High Risk
CUST_002230,Small Business,Retail,Professional,149,2286.07,63,-73,2,0.9790525355516965,Very High Risk
CUST_000457,Startup,Education,Basic,49,737.78,77,8,4,0.9788738871248128,Very High Risk
CUST_004819,Startup,Healthcare,Professional,149,3723.83,27,56,0,0.9788207927078624,Very High Risk
CUST_001950,Startup,Manufacturing,Professional,149,3477.55,25,94,2,0.9788180859890808,Very High Risk
CUST_003523,Small Business,Technology,Basic,49,885.76,33,72,3,0.9787196592863416,Very High Risk
CUST_004980,Startup,Finance,Basic,49,242.05,69,24,6,0.9787172440586712,Very High Risk
CUST_003953,Small Business,Manufacturing,Business,399,9689.59,73,42,3,0.9786695871255604,Very High Risk
CUST_000529,Startup,Technology,Basic,49,898.89,37,93,1,0.9781998776682933,Very High Risk
CUST_003784,Startup,Manufacturing,Professional,149,1082.73,47,-26,4,0.9780589452485522,Very High Risk
CUST_001646,Small Business,Technology,Business,399,4561.93,32,77,1,0.978042418750228,Very High Risk
CUST_002879,Small Business,Technology,Enterprise,999,6907.13,47,-20,4,0.9780367590931079,Very High Risk
CUST_004091,Startup,Other,Enterprise,999,18050.58,31,-44,2,0.9779764196698844,Very High Risk
CUST_000730,Enterprise,Retail,Business,399,8861.9,59,-7,2,0.9779417598448478,Very High Risk
CUST_001205,Mid-Market,Healthcare,Basic,49,801.31,35,-53,1,0.9779097609734257,Very High Risk
CUST_001299,Small Business,Technology,Business,399,7007.5599999999995,69,-3,1,0.9778554446115402,Very High Risk
CUST_001332,Mid-Market,Finance,Professional,149,3230.93,72,87,1,0.9778035187418657,Very High Risk
CUST_004510,Mid-Market,Retail,Professional,149,968.05,80,-8,1,0.9777706675137016,Very High Risk
CUST_004041,Mid-Market,Education,Enterprise,999,20872.74,47,60,1,0.9777423625954904,Very High Risk
CUST_002488,Mid-Market,Healthcare,Enterprise,999,8964.95,42,63,3,0.9776459515311215,Very High Risk
CUST_000778,Small Business,Manufacturing,Basic,49,595.17,53,16,0,0.9773676069581286,Very High Risk
CUST_003911,Small Business,Other,Enterprise,999,6914.780000000001,86,47,5,0.9772407801502994,Very High Risk
CUST_002557,Startup,Other,Business,399,3734.55,54,70,1,0.9772279599309042,Very High Risk
CUST_004668,Small Business,Healthcare,Basic,49,1155.0,46,50,2,0.9771406972467388,Very High Risk
CUST_002264,Small Business,Retail,Basic,49,550.14,43,66,4,0.9768199069697878,Very High Risk
CUST_002924,Mid-Market,Technology,Basic,49,1027.61,33,100,1,0.9766263250894108,Very High Risk
CUST_001261,Enterprise,Education,Professional,149,2810.44,55,-26,1,0.9765264209395031,Very High Risk
CUST_001386,Startup,Finance,Professional,149,1046.98,40,54,4,0.9763820397323354,Very High Risk
CUST_000090,Enterprise,Finance,Basic,49,356.13,37,60,0,0.9763182126514073,Very High Risk
CUST_000235,Enterprise,Manufacturing,Business,399,8593.16,61,5,0,0.9760902615979904,Very High Risk
CUST_003072,Mid-Market,Manufacturing,Enterprise,999,22010.8,91,52,0,0.9760649238964346,Very High Risk
CUST_002786,Mid-Market,Retail,Business,399,2014.78,79,53,3,0.9759328563496009,Very High Risk
CUST_002299,Mid-Market,Technology,Business,399,7055.93,68,-12,2,0.9758097714858313,Very High Risk
CUST_000758,Mid-Market,Technology,Professional,149,1025.82,40,27,0,0.975743778181214,Very High Risk
CUST_004940,Small Business,Manufacturing,Basic,49,290.97,46,-25,0,0.9757378049876325,Very High Risk
CUST_000813,Small Business,Healthcare,Business,399,4013.29,49,8,1,0.975646094834106,Very High Risk
CUST_000807,Enterprise,Education,Business,399,4976.99,71,45,3,0.9754505806438937,Very High Risk
CUST_004913,Small Business,Technology,Basic,49,1101.81,28,44,6,0.9753750095167283,Very High Risk
CUST_001675,Enterprise,Finance,Business,399,1544.96,91,-32,1,0.9749931558893633,Very High Risk
CUST_001491,Mid-Market,Technology,Professional,149,1863.16,41,6,1,0.9749368497569396,Very High Risk
CUST_003082,Mid-Market,Healthcare,Basic,49,610.61,41,35,3,0.9746779289664654,Very High Risk
CUST_000355,Small Business,Other,Professional,149,1698.52,38,11,2,0.9746758179710011,Very High Risk
CUST_000575,Startup,Finance,Professional,149,2815.38,36,41,5,0.9746008325188954,Very High Risk
CUST_004012,Enterprise,Technology,Basic,49,861.96,85,-32,1,0.9744786781621937,Very High Risk
CUST_004351,Small Business,Retail,Basic,49,1116.58,82,-12,2,0.9744418797258472,Very High Risk
CUST_002150,Enterprise,Technology,Basic,49,1134.29,28,53,4,0.9742531312372925,Very High Risk
CUST_001343,Startup,Technology,Professional,149,901.27,44,21,2,0.9739331020031982,Very High Risk
CUST_002165,Enterprise,Retail,Basic,49,1200.13,81,61,2,0.9738991493819623,Very High Risk
CUST_000836,Startup,Retail,Business,399,1986.09,75,88,2,0.9738857526237061,Very High Risk
CUST_003472,Mid-Market,Technology,Business,399,9776.82,22,23,1,0.9738004632921665,Very High Risk
CUST_002580,Startup,Other,Basic,49,1182.7,67,-6,2,0.9737831849169796,Very High Risk
CUST_003061,Small Business,Manufacturing,Enterprise,999,23084.94,30,100,0,0.9735737676909554,Very High Risk
CUST_003617,Small Business,Healthcare,Professional,149,2816.63,100,66,1,0.9734469923587612,Very High Risk
CUST_004998,Small Business,Technology,Basic,49,1192.86,71,-14,1,0.9734388411130755,Very High Risk
CUST_003236,Small Business,Manufacturing,Basic,49,590.45,58,8,0,0.973340375080454,Very High Risk
CUST_002078,Small Business,Other,Basic,49,241.07,57,66,2,0.9731884627488797,Very High Risk
CUST_001610,Startup,Other,Business,399,6009.51,85,83,3,0.9731756467809654,Very High Risk
CUST_002298,Small Business,Healthcare,Basic,49,596.0699999999999,29,100,0,0.9731184653556287,Very High Risk
CUST_002623,Small Business,Healthcare,Professional,149,3598.2200000000003,63,21,3,0.9728501026055321,Very High Risk
CUST_001465,Mid-Market,Other,Basic,49,1198.22,66,-43,2,0.9727857943533325,Very High Risk
CUST_001318,Startup,Manufacturing,Enterprise,999,6174.86,41,24,4,0.9726838063123086,Very High Risk
CUST_001981,Mid-Market,Manufacturing,Professional,149,3548.12,75,38,2,0.9724330733399666,Very High Risk
CUST_000363,Small Business,Technology,Business,399,5554.06,73,48,0,0.9724167105417106,Very High Risk
CUST_000073,Small Business,Healthcare,Enterprise,999,4765.79,60,22,2,0.9722310703361647,Very High Risk
CUST_001489,Small Business,Healthcare,Basic,49,238.65,100,-31,0,0.9722107049243861,Very High Risk
CUST_000740,Mid-Market,Technology,Professional,149,773.14,81,100,1,0.9722009379608468,Very High Risk
CUST_003656,Small Business,Finance,Basic,49,1049.53,87,29,4,0.9717330510384349,Very High Risk
CUST_001045,Startup,Technology,Enterprise,999,5859.93,76,30,5,0.9716921162034245,Very High Risk
CUST_000029,Enterprise,Technology,Enterprise,999,12266.59,45,-4,6,0.9714962111182149,Very High Risk
CUST_002817,Startup,Retail,Basic,49,572.44,83,23,2,0.9712722997111622,Very High Risk
CUST_000152,Startup,Technology,Basic,49,1126.88,30,17,0,0.9708798793083631,Very High Risk
CUST_004360,Small Business,Education,Professional,149,613.77,66,69,2,0.9707197958395685,Very High Risk
CUST_000430,Small Business,Finance,Enterprise,999,10709.97,64,56,2,0.9706276148582599,Very High Risk
CUST_001652,Startup,Manufacturing,Business,399,4212.18,52,25,3,0.9704757253894363,Very High Risk
CUST_001882,Enterprise,Real Estate,Enterprise,999,17024.44,69,58,3,0.969984106601589,Very High Risk
CUST_001470,Mid-Market,Other,Professional,149,560.47,75,62,4,0.9693043717785766,Very High Risk
CUST_001865,Startup,Finance,Basic,49,207.92,49,-14,1,0.9691670373084889,Very High Risk
CUST_003172,Small Business,Real Estate,Basic,49,813.92,52,41,2,0.9688800959966296,Very High Risk
CUST_001647,Small Business,Retail,Basic,49,744.81,62,54,2,0.9688653498744151,Very High Risk
CUST_000710,Enterprise,Technology,Business,399,8488.13,35,-52,1,0.9687349821042979,Very High Risk
CUST_003907,Startup,Manufacturing,Business,399,4174.56,94,-32,1,0.9686004745085106,Very High Risk
CUST_001537,Small Business,Retail,Enterprise,999,9136.1,79,81,0,0.9685046149972959,Very High Risk
CUST_003848,Startup,Real Estate,Professional,149,597.12,56,32,2,0.9683557347670251,Very High Risk
CUST_004180,Mid-Market,Finance,Basic,49,337.53,37,-100,1,0.968351980258921,Very High Risk
CUST_002498,Startup,Real Estate,Professional,149,1691.15,55,76,0,0.9681446810364648,Very High Risk
CUST_001189,Startup,Manufacturing,Basic,49,575.18,45,54,0,0.9680791034200285,Very High Risk
CUST_001685,Startup,Finance,Professional,149,3198.38,94,30,1,0.967884608753411,Very High Risk
CUST_004099,Startup,Real Estate,Professional,149,1038.71,51,38,3,0.9677956966051546,Very High Risk
CUST_004643,Startup,Technology,Basic,49,840.38,39,65,3,0.9677943946332094,Very High Risk
CUST_000713,Startup,Finance,Business,399,4001.19,66,99,4,0.9677288504649304,Very High Risk
CUST_004822,Startup,Technology,Business,399,2774.07,29,59,3,0.9677107590110668,Very High Risk
CUST_001377,Startup,Finance,Professional,149,1988.17,65,55,2,0.9673971709844424,Very High Risk
CUST_002703,Startup,Retail,Basic,49,1152.69,78,-36,3,0.9673261302628159,Very High Risk
CUST_001430,Mid-Market,Technology,Business,399,2655.62,63,18,1,0.9669837097797999,Very High Risk
CUST_000368,Enterprise,Technology,Basic,49,1072.08,100,57,4,0.9669185843652679,Very High Risk
CUST_003780,Small Business,Education,Professional,149,2441.21,100,19,2,0.9667700727609068,Very High Risk
CUST_002816,Small Business,Retail,Business,399,8939.31,54,53,3,0.9667342979201677,Very High Risk
CUST_001229,Startup,Finance,Basic,49,1034.69,67,24,1,0.9666815863107411,Very High Risk
CUST_003294,Mid-Market,Technology,Professional,149,599.11,92,41,2,0.966392682148451,Very High Risk
CUST_003720,Mid-Market,Healthcare,Professional,149,904.59,69,31,4,0.9663643920164483,Very High Risk
CUST_004417,Enterprise,Technology,Business,399,4740.58,91,89,2,0.9660536990976035,Very High Risk
CUST_000433,Mid-Market,Retail,Basic,49,964.24,93,60,2,0.9660476796661023,Very High Risk
CUST_002531,Startup,Other,Basic,49,294.37,55,24,5,0.9659143644986127,Very High Risk
CUST_002518,Mid-Market,Healthcare,Business,399,8894.87,77,100,1,0.9656990603069058,Very High Risk
CUST_002359,Mid-Market,Finance,Enterprise,999,15224.01,31,73,1,0.9650090337402807,Very High Risk
CUST_002005,Startup,Healthcare,Professional,149,2047.92,44,22,2,0.9649193348535767,Very High Risk
CUST_000818,Mid-Market,Real Estate,Basic,49,671.41,48,-8,5,0.9647999296995518,Very High Risk
CUST_002567,Startup,Real Estate,Enterprise,999,11177.35,59,-4,3,0.9647094854241688,Very High Risk
CUST_003929,Small Business,Healthcare,Enterprise,999,12318.27,53,26,2,0.96466864229351,Very High Risk
CUST_004636,Mid-Market,Finance,Business,399,4710.64,30,9,0,0.9645545425284492,Very High Risk
CUST_004979,Small Business,Retail,Business,399,6341.13,37,48,4,0.9633942272351085,Very High Risk
CUST_001204,Mid-Market,Retail,Professional,149,1649.21,25,-32,1,0.9633823420056475,Very High Risk
CUST_000201,Startup,Finance,Basic,49,859.04,76,54,2,0.9633344406570227,Very High Risk
CUST_002025,Startup,Technology,Professional,149,2503.56,80,81,3,0.9628653081758587,Very High Risk
CUST_003235,Mid-Market,Technology,Basic,49,1217.91,88,13,2,0.9627617525274643,Very High Risk
CUST_003160,Mid-Market,Real Estate,Business,399,6830.26,100,84,3,0.9626840837751874,Very High Risk
CUST_003188,Startup,Finance,Business,399,4081.13,33,97,2,0.9625742711881108,Very High Risk
CUST_002155,Small Business,Healthcare,Enterprise,999,9845.97,62,1,3,0.9623897984311719,Very High Risk
CUST_004733,Mid-Market,Healthcare,Basic,49,720.42,62,-19,5,0.9614684961883495,Very High Risk
CUST_004826,Startup,Retail,Basic,49,290.22,84,45,4,0.9613555745628725,Very High Risk
CUST_003525,Startup,Manufacturing,Basic,49,344.42,50,-6,3,0.9607479417646799,Very High Risk
CUST_002017,Small Business,Technology,Business,399,9141.92,85,64,1,0.9606802980364288,Very High Risk
CUST_003694,Mid-Market,Finance,Business,399,9722.17,84,0,2,0.9606683917627162,Very High Risk
CUST_000800,Startup,Real Estate,Basic,49,670.81,52,-38,0,0.9603368635261775,Very High Risk
CUST_004787,Mid-Market,Finance,Professional,149,1793.92,63,-16,1,0.9602818814025095,Very High Risk
CUST_001717,Mid-Market,Other,Basic,49,392.93,78,12,1,0.9602540459837505,Very High Risk
CUST_001422,Startup,Technology,Business,399,1627.62,72,13,1,0.9599868115086462,Very High Risk
CUST_004846,Startup,Finance,Basic,49,392.58,82,31,3,0.9594382671963331,Very High Risk
CUST_002105,Mid-Market,Real Estate,Basic,49,837.09,43,100,3,0.9586931768244769,Very High Risk
CUST_003490,Mid-Market,Retail,Basic,49,844.41,100,39,4,0.9585266402153433,Very High Risk
CUST_002947,Enterprise,Other,Business,399,3661.21,83,18,4,0.9584724347816305,Very High Risk
CUST_002976,Enterprise,Finance,Enterprise,999,10184.38,76,78,2,0.9583768429001696,Very High Risk
CUST_003820,Startup,Manufacturing,Professional,149,1773.88,26,-15,2,0.9579243519038703,Very High Risk
CUST_001423,Startup,Retail,Professional,149,2110.54,53,30,3,0.9573723789516889,Very High Risk
CUST_002894,Startup,Manufacturing,Basic,49,587.42,61,-54,1,0.957249303550118,Very High Risk
CUST_003324,Mid-Market,Retail,Business,399,3705.6,51,4,2,0.9569434374977003,Very High Risk
CUST_003655,Startup,Education,Business,399,8168.24,54,67,2,0.9560490213044031,Very High Risk
CUST_002420,Small Business,Finance,Professional,149,1842.08,38,85,7,0.9557529484162809,Very High Risk
CUST_002545,Enterprise,Technology,Professional,149,1750.82,22,100,2,0.9554552353322641,Very High Risk
CUST_001297,Enterprise,Manufacturing,Business,399,3212.45,56,-3,0,0.9553822937265669,Very High Risk
CUST_000589,Startup,Education,Basic,49,855.5,86,13,4,0.9550808026008929,Very High Risk
CUST_000850,Mid-Market,Other,Basic,49,958.43,63,38,2,0.9535400052133051,Very High Risk
CUST_000254,Small Business,Education,Professional,149,1479.44,41,-36,2,0.9534542970924734,Very High Risk
CUST_003154,Mid-Market,Technology,Business,399,1962.25,64,-30,1,0.9528719701888443,Very High Risk
CUST_001139,Mid-Market,Manufacturing,Professional,149,3665.18,63,76,2,0.9525285756609532,Very High Risk
CUST_002348,Startup,Education,Basic,49,1066.35,67,47,1,0.9525268241248637,Very High Risk
CUST_000857,Mid-Market,Technology,Business,399,1681.28,50,0,2,0.9520205829959023,Very High Risk
CUST_003448,Small Business,Finance,Professional,149,884.41,88,47,5,0.9512203516698916,Very High Risk
CUST_000530,Mid-Market,Technology,Enterprise,999,16302.42,30,-67,3,0.9505586004337029,Very High Risk
CUST_003026,Startup,Technology,Business,399,6799.89,64,35,0,0.9501635524888847,Very High Risk
CUST_001545,Enterprise,Manufacturing,Basic,49,1169.07,57,53,2,0.9499889614572576,Very High Risk
CUST_004212,Enterprise,Retail,Basic,49,192.6,42,68,3,0.9496838684681087,Very High Risk
CUST_000554,Startup,Real Estate,Business,399,5457.12,55,100,3,0.9484696009339503,Very High Risk
CUST_001194,Mid-Market,Technology,Basic,49,239.86,46,100,1,0.948414017980423,Very High Risk
CUST_004720,Small Business,Finance,Enterprise,999,6963.82,61,3,2,0.9483351554973423,Very High Risk
CUST_004866,Startup,Technology,Professional,149,1059.68,41,24,2,0.9481916464686044,Very High Risk
CUST_001215,Small Business,Technology,Basic,49,464.92,75,70,2,0.9477978256547399,Very High Risk
CUST_002486,Mid-Market,Manufacturing,Basic,49,619.9399999999999,27,68,0,0.9474383048376125,Very High Risk
CUST_004883,Startup,Technology,Basic,49,232.92,58,44,3,0.9473411613706116,Very High Risk
CUST_003726,Small Business,Healthcare,Professional,149,1194.68,16,5,3,0.9460615650140174,Very High Risk
CUST_002697,Mid-Market,Education,Professional,149,2325.29,53,54,1,0.9454774755117521,Very High Risk
CUST_002654,Small Business,Technology,Professional,149,2033.49,75,34,3,0.9452586759998407,Very High Risk
CUST_000248,Small Business,Finance,Basic,49,1075.37,52,27,2,0.9448387016583305,Very High Risk
CUST_000890,Small Business,Retail,Professional,149,1540.59,19,23,2,0.9441052520940769,Very High Risk
CUST_003383,Startup,Manufacturing,Basic,49,1197.41,62,6,1,0.9439577684785596,Very High Risk
CUST_001894,Startup,Real Estate,Business,399,6554.43,41,30,0,0.9430873953904829,Very High Risk
CUST_004549,Small Business,Healthcare,Basic,49,835.5,44,-46,1,0.9417217188546726,Very High Risk
CUST_000509,Small Business,Finance,Basic,49,753.14,65,-42,4,0.9408431937589561,Very High Risk
CUST_004013,Small Business,Technology,Enterprise,999,4596.93,29,32,0,0.9405077977429853,Very High Risk
CUST_004687,Small Business,Healthcare,Basic,49,201.78,61,40,0,0.9394943096193558,Very High Risk
CUST_003204,Small Business,Real Estate,Business,399,4240.85,62,-17,2,0.9386622060742694,Very High Risk
CUST_002549,Mid-Market,Education,Business,399,6214.68,57,50,1,0.9373651203870387,Very High Risk
CUST_001290,Small Business,Technology,Professional,149,2400.2,68,72,0,0.9373228030404106,Very High Risk
CUST_001534,Mid-Market,Healthcare,Basic,49,345.85,61,-19,3,0.9368336294834636,Very High Risk
CUST_000981,Small Business,Healthcare,Professional,149,1055.26,45,-30,3,0.9367563264318703,Very High Risk
CUST_001540,Startup,Healthcare,Business,399,8348.24,65,39,2,0.9364444645597735,Very High Risk
CUST_004768,Small Business,Healthcare,Business,399,7903.35,81,87,4,0.9352846425092233,Very High Risk
CUST_003067,Enterprise,Finance,Basic,49,1160.59,79,94,3,0.9342993641660717,Very High Risk
CUST_001790,Startup,Finance,Professional,149,2726.52,97,-24,1,0.9341119788792238,Very High Risk
CUST_001460,Mid-Market,Technology,Business,399,5034.73,11,36,4,0.9332702748224818,Very High Risk
CUST_002760,Startup,Technology,Professional,149,3394.35,69,29,2,0.9325641341013113,Very High Risk
CUST_004072,Startup,Other,Basic,49,661.92,22,-41,1,0.9312980444156226,Very High Risk
CUST_003816,Small Business,Retail,Business,399,5525.43,66,32,1,0.9307679100142249,Very High Risk
CUST_004985,Mid-Market,Healthcare,Basic,49,650.94,20,0,0,0.9292126059017001,Very High Risk
CUST_004142,Small Business,Healthcare,Business,399,6297.39,55,16,0,0.9290142668591791,Very High Risk
CUST_003434,Enterprise,Healthcare,Professional,149,2670.55,41,8,1,0.9286962205458584,Very High Risk
CUST_001514,Startup,Technology,Professional,149,2537.14,28,14,1,0.9284910761838794,Very High Risk
CUST_004221,Startup,Technology,Enterprise,999,10137.06,69,100,3,0.9246913988868315,Very High Risk
CUST_000746,Startup,Retail,Enterprise,999,8070.72,66,43,1,0.9240188085434683,Very High Risk
CUST_000334,Enterprise,Education,Basic,49,241.02,56,37,0,0.9213391002448112,Very High Risk
CUST_001046,Enterprise,Finance,Professional,149,1298.83,62,13,2,0.9182557132867579,Very High Risk
CUST_002685,Small Business,Retail,Enterprise,999,9923.97,86,-55,0,0.9147143464900844,Very High Risk
CUST_001291,Small Business,Healthcare,Basic,49,678.15,56,50,3,0.9137519356957803,Very High Risk
CUST_000291,Startup,Real Estate,Business,399,1664.32,60,-28,1,0.9112895404818502,Very High Risk
CUST_000168,Small Business,Manufacturing,Business,399,7694.58,68,7,3,0.9108619448245515,Very High Risk
CUST_002409,Small Business,Real Estate,Basic,49,913.79,39,-94,1,0.904568913557602,Very High Risk
CUST_001239,Mid-Market,Education,Business,399,6352.47,75,5,1,0.902494621610193,Very High Risk
CUST_003108,Mid-Market,Manufacturing,Professional,149,2902.45,52,41,0,0.9012857023465702,Very High Risk
CUST_003975,Small Business,Technology,Basic,49,249.15,59,-34,3,0.8996486499393117,Very High Risk
CUST_003264,Mid-Market,Manufacturing,Enterprise,999,8744.89,69,50,0,0.8984846910195574,Very High Risk
CUST_003095,Enterprise,Technology,Business,399,1648.39,12,27,3,0.8966791867383671,Very High Risk
CUST_000811,Small Business,Education,Basic,49,193.61,61,-54,5,0.895755382347708,Very High Risk
CUST_001471,Enterprise,Education,Basic,49,647.86,100,61,2,0.8898884165815402,Very High Risk
CUST_000025,Small Business,Finance,Basic,49,534.66,83,5,1,0.8731991001705236,Very High Risk
CUST_002406,Mid-Market,Healthcare,Basic,49,199.08,72,-34,5,0.8693405703027957,Very High Risk
CUST_001154,Small Business,Technology,Enterprise,999,24768.87,54,-25,3,0.8681790150882026,Very High Risk
CUST_004528,Startup,Education,Basic,49,354.66,38,73,3,0.8616309841180696,Very High Risk
CUST_004231,Enterprise,Retail,Business,399,8739.9,47,100,1,0.8063072656091951,Very High Risk
CUST_004242,Startup,Finance,Professional,149,442.98,68,-9,0,0.693190768463633,High Risk
